path,type,day_time,quality
real_videos/0puo8kJOlmU_00.mp4,single,day,Poor
real_videos/2PtXKoTbv0c_00.mp4,t-bone,day,Good
real_videos/2U2gPpmCg_o_00.mp4,single,night,Very_Poor
real_videos/4ZGq9c3FKlE_00.mp4,t-bone,night,Fine
real_videos/4tOmPxnuANw_00.mp4,t-bone,day,Poor
real_videos/6J-qSLHzj_k_00.mp4,t-bone,day,Very_Poor
real_videos/70935VkkZSM_00.mp4,t-bone,day,Poor
real_videos/7ORiNi_LtxY_00.mp4,sideswipe,day,Good
real_videos/82sQ7N-aHOw_00.mp4,t-bone,day,Poor
real_videos/8s8en2EJPzg_00.mp4,single,day,Poor
real_videos/917eW1YYvc4_00.mp4,t-bone,day,Fine
real_videos/9E91OEkRB-4_00.mp4,t-bone,day,Good
real_videos/9VsL3A3PJ1Q_00.mp4,single,day,Poor
real_videos/9_rjoTFi3Ek_00.mp4,t-bone,day,Fine
real_videos/AFK28KnqDOQ_00.mp4,t-bone,day,Fine
real_videos/AGn3mKAiKQY_00.mp4,single,day,Excellent
real_videos/AeQaR7cklVU_00.mp4,sideswipe,day,Poor
real_videos/Au7DlgzqzEo_00.mp4,head-on,day,Good
real_videos/BLq2n48HYZc_00.mp4,rear-end,day,Excellent
real_videos/C0faYXs1tA4_00.mp4,head-on,night,Very_Poor
real_videos/DTPQZJzsoXY_00.mp4,rear-end,day,Fine
real_videos/E65lhgBF1rM_00.mp4,single,day,Poor
real_videos/G9G97Pf8hMk_00.mp4,t-bone,day,Fine
real_videos/Ga3FbFSHZdA_00.mp4,sideswipe,day,Good
real_videos/HYUcneYzPZM_00.mp4,single,night,Very_Poor
real_videos/IF-F7mUXhas_00.mp4,sideswipe,night,Very_Poor
real_videos/IrzdCEl72lc_00.mp4,sideswipe,day,Very_Poor
real_videos/JHq6SVNhY0Y_00.mp4,rear-end,day,Very_Poor
real_videos/K0RZlWi2qhA_00.mp4,rear-end,day,Poor
real_videos/KQETX3JfWlE_00.mp4,single,day,Very_Poor
real_videos/KUBbn-T3XYI_00.mp4,head-on,day,Poor
real_videos/MTOPgMW9aIg_00.mp4,single,night,Poor
real_videos/PQHiBa179Ew_00.mp4,t-bone,night,Poor
real_videos/PVYTq0m-OR0_00.mp4,rear-end,night,Fine
real_videos/PYeSHbpGyn4_00.mp4,single,day,Poor
real_videos/QB42gU5X634_00.mp4,sideswipe,day,Excellent
real_videos/QbTAfMWdSN0_00.mp4,t-bone,day,Fine
real_videos/Rnip1LReTsg_00.mp4,rear-end,night,Fine
real_videos/RokQ01Hx_Fg_00.mp4,sideswipe,day,Poor
real_videos/SA_ZC0qlqdg_00.mp4,sideswipe,day,Good
real_videos/SDYTt7CqbTE_00.mp4,t-bone,night,Good
real_videos/SUK79gpopL0_00.mp4,single,day,Fine
real_videos/UH2j4IrB2Sg_00.mp4,single,day,Poor
real_videos/W1hVOBEgpJA_00.mp4,sideswipe,day,Very_Poor
real_videos/XESYC4RcqGQ_01.mp4,t-bone,day,Good
real_videos/XSgpMS9s9B8_00.mp4,single,night,Poor
real_videos/YQG_FvZM9pg_00.mp4,rear-end,day,Poor
real_videos/ZSgfKfHNOb8_00.mp4,single,day,Fine
real_videos/ZoffyoNXhOo_00.mp4,rear-end,day,Very_Poor
real_videos/__WFqm4i3vE_00.mp4,t-bone,day,Poor
real_videos/aUvorQJ7jRU_00.mp4,single,night,Very_Poor
real_videos/aliCOjgqdfU_00.mp4,single,night,Very_Poor
real_videos/begSCBJgT4o_00.mp4,single,day,Poor
real_videos/dbIlU1q8lfM_00.mp4,t-bone,day,Fine
real_videos/djlikkK0NnM_00.mp4,t-bone,day,Fine
real_videos/e17Wq4Hpqlk_02.mp4,head-on,day,Excellent
real_videos/eSs-IaQJQtc_00.mp4,rear-end,night,Very_Poor
real_videos/fEprGEfHTZE_00.mp4,head-on,day,Poor
real_videos/fJxVsTAIK5Y_00.mp4,single,night,Very_Poor
real_videos/fhZ9Mb-Ps3M_00.mp4,rear-end,day,Poor
real_videos/gDCiYQjLeEE_00.mp4,single,day,Poor
real_videos/ga0JEJ0fnGY_00.mp4,single,night,Poor
real_videos/gnyMlVu3LzY_00.mp4,sideswipe,day,Poor
real_videos/jPM0jwxK2W8_00.mp4,single,night,Fine
real_videos/ja62cRF2tbQ_00.mp4,rear-end,day,Poor
real_videos/jiOupTjSods_00.mp4,single,day,Very_Poor
real_videos/jw4_kT_xjsE_00.mp4,t-bone,day,Poor
real_videos/kaggle-fahaddalwai-cctvfootagevideo_6_00.mp4,t-bone,day,Good
real_videos/lkIQC6QRbys_00.mp4,t-bone,night,Fine
real_videos/mby2Klg_d10_00.mp4,t-bone,night,Poor
real_videos/miJaH5hcX5U_00.mp4,t-bone,day,Good
real_videos/n_U9loEcX54_00.mp4,sideswipe,day,Fine
real_videos/ozOAT76M0PM_00.mp4,t-bone,day,Good
real_videos/qNH-EtH6qPo_00.mp4,t-bone,night,Fine
real_videos/qOTEPSVfGSI_00.mp4,t-bone,night,Very_Poor
real_videos/r-k-zVvecKs_00.mp4,t-bone,night,Good
real_videos/r1fGrsOle9M_00.mp4,single,day,Fine
real_videos/s80RaghtMRk_04.mp4,rear-end,day,Good
real_videos/sRM9RLRUYjI_00.mp4,rear-end,day,Poor
real_videos/sV5FN5PePOQ_00.mp4,t-bone,night,Good
real_videos/sja7nF8p6tw_00.mp4,rear-end,day,Poor
real_videos/sxonKsim9qE_00.mp4,sideswipe,night,Poor
real_videos/taahlmWl1Pc_00.mp4,sideswipe,night,Poor
real_videos/tmklYgHVZcY_00.mp4,head-on,night,Poor
real_videos/u4lFhg1C20o_00.mp4,single,day,Poor
real_videos/uoY--IlBdjw_01.mp4,single,day,Poor
real_videos/uoY--IlBdjw_02.mp4,single,day,Poor
real_videos/v45DbbZotgI_00.mp4,single,night,Poor
real_videos/vOurgVV6O90_00.mp4,t-bone,night,Poor
real_videos/wJBN4-qBBWI_00.mp4,single,night,Poor
real_videos/xDnxHFltzfQ_00.mp4,single,night,Poor
real_videos/xPNA0BFy_og_00.mp4,t-bone,day,Poor
real_videos/xQCJTgk1AxQ_00.mp4,t-bone,day,Fine
real_videos/yD3Q70U-bD4_00.mp4,single,night,Very_Poor
real_videos/yTkouPWrmpU_00.mp4,single,day,Fine
real_videos/yWyxEWTof1A_00.mp4,rear-end,night,Very_Poor
real_videos/zAqi6Odnoiw_00.mp4,t-bone,day,Fine
real_videos/zSujHC7MOcU_00.mp4,t-bone,day,Fine
real_videos/zefBTt5RXko_00.mp4,single,day,Fine
real_videos/zz0qZ-sSCbY_00.mp4,single,day,Good
