path,crf,bytes,size_mb,quality,ratio
real_videos/kI-AKIXGLiY_00.mp4,23,1209233,1.257229,Fine,0.9618239795614005
real_videos/kI-AKIXGLiY_00.mp4,29,624939,1.257229,Fine,0.49707650714388546
real_videos/kI-AKIXGLiY_00.mp4,35,293448,1.257229,Fine,0.23340855166401667
real_videos/kI-AKIXGLiY_00.mp4,41,153668,1.257229,Fine,0.1222275337269503
real_videos/ltBaGt6A30I_00.mp4,23,1206576,1.227573,Good,0.9828955182298731
real_videos/ltBaGt6A30I_00.mp4,29,683006,1.227573,Good,0.5563872779867266
real_videos/ltBaGt6A30I_00.mp4,35,354432,1.227573,Good,0.28872580286467686
real_videos/ltBaGt6A30I_00.mp4,41,186865,1.227573,Good,0.1522231264454334
real_videos/BgdKGnFqz0I_00.mp4,23,864440,0.905507,Fine,0.954647506866319
real_videos/BgdKGnFqz0I_00.mp4,29,462541,0.905507,Fine,0.5108088617757787
real_videos/BgdKGnFqz0I_00.mp4,35,229359,0.905507,Fine,0.25329345880263765
real_videos/BgdKGnFqz0I_00.mp4,41,125922,0.905507,Fine,0.1390624258012362
real_videos/5X2Ik8WsWVY_00.mp4,23,2455155,2.549921,Very_Poor,0.9628357113808624
real_videos/5X2Ik8WsWVY_00.mp4,29,1410839,2.549921,Very_Poor,0.5532873371371113
real_videos/5X2Ik8WsWVY_00.mp4,35,794001,2.549921,Very_Poor,0.31138258793115553
real_videos/5X2Ik8WsWVY_00.mp4,41,460879,2.549921,Very_Poor,0.18074246221745693
real_videos/J489DF-y2B8_00.mp4,23,1706369,1.806552,Fine,0.9445446353052666
real_videos/J489DF-y2B8_00.mp4,29,849137,1.806552,Fine,0.4700318618008228
real_videos/J489DF-y2B8_00.mp4,35,399901,1.806552,Fine,0.22136146648421967
real_videos/J489DF-y2B8_00.mp4,41,209574,1.806552,Fine,0.116007731856044
real_videos/kkwEN_zBCx8_01.mp4,23,1322818,1.374227,Excellent,0.9625906054822093
real_videos/kkwEN_zBCx8_01.mp4,29,740799,1.374227,Excellent,0.5390659621736438
real_videos/kkwEN_zBCx8_01.mp4,35,356388,1.374227,Excellent,0.25933706731129574
real_videos/kkwEN_zBCx8_01.mp4,41,174431,1.374227,Excellent,0.12693026697918175
real_videos/sV5FN5PePOQ_00.mp4,23,2174830,2.238919,Good,0.9713750251795621
real_videos/sV5FN5PePOQ_00.mp4,29,1180767,2.238919,Good,0.5273826342087409
real_videos/sV5FN5PePOQ_00.mp4,35,563331,2.238919,Good,0.25160847712668477
real_videos/sV5FN5PePOQ_00.mp4,41,270505,2.238919,Good,0.12081946689451471
real_videos/8j-qfY6_Bxg_00.mp4,23,857970,0.897208,Fine,0.9562665513459532
real_videos/8j-qfY6_Bxg_00.mp4,29,455956,0.897208,Fine,0.5081943094577845
real_videos/8j-qfY6_Bxg_00.mp4,35,224067,0.897208,Fine,0.24973807634350118
real_videos/8j-qfY6_Bxg_00.mp4,41,118068,0.897208,Fine,0.13159490330001516
real_videos/vtXjJLurYMY_00.mp4,23,4042845,4.14139,Fine,0.9762048490965592
real_videos/vtXjJLurYMY_00.mp4,29,2264682,4.14139,Fine,0.5468410364636027
real_videos/vtXjJLurYMY_00.mp4,35,1136225,4.14139,Fine,0.274358367601216
real_videos/vtXjJLurYMY_00.mp4,41,565200,4.14139,Fine,0.13647591750595814
real_videos/Uf-KkS36dZg_00.mp4,23,600399,0.622959,Very_Poor,0.963785738708326
real_videos/Uf-KkS36dZg_00.mp4,29,342285,0.622959,Very_Poor,0.5494502848502069
real_videos/Uf-KkS36dZg_00.mp4,35,175422,0.622959,Very_Poor,0.2815947759001796
real_videos/Uf-KkS36dZg_00.mp4,41,89169,0.622959,Very_Poor,0.14313783090058896
real_videos/pnV5RLCskPI_00.mp4,23,4010030,4.150626,Fine,0.9661265553677927
real_videos/pnV5RLCskPI_00.mp4,29,2277364,4.150626,Fine,0.5486796449499425
real_videos/pnV5RLCskPI_00.mp4,35,1106207,4.150626,Fine,0.2665157014869564
real_videos/pnV5RLCskPI_00.mp4,41,500017,4.150626,Fine,0.12046785231914414
real_videos/gbM45Kpz814_00.mp4,23,2507472,2.547194,Poor,0.9844055851262212
real_videos/gbM45Kpz814_00.mp4,29,1487357,2.547194,Poor,0.5839197956653478
real_videos/gbM45Kpz814_00.mp4,35,824805,2.547194,Poor,0.3238092583446726
real_videos/gbM45Kpz814_00.mp4,41,450181,2.547194,Poor,0.17673604758805178
real_videos/4geYk_miUzo_00.mp4,23,1803196,1.866496,Poor,0.9660861850226307
real_videos/4geYk_miUzo_00.mp4,29,937118,1.866496,Poor,0.5020734038540666
real_videos/4geYk_miUzo_00.mp4,35,461761,1.866496,Poor,0.24739458321903718
real_videos/4geYk_miUzo_00.mp4,41,253024,1.866496,Poor,0.13556096557399533
real_videos/AOlLjNQ2vu4_00.mp4,23,2353418,2.445094,Poor,0.9625061449580261
real_videos/AOlLjNQ2vu4_00.mp4,29,1169742,2.445094,Poor,0.478403693273142
real_videos/AOlLjNQ2vu4_00.mp4,35,539350,2.445094,Poor,0.22058456648292457
real_videos/AOlLjNQ2vu4_00.mp4,41,246557,2.445094,Poor,0.10083743201692859
real_videos/3Si9WUEcmK8_00.mp4,23,307189,0.318363,Very_Poor,0.9649017002603946
real_videos/3Si9WUEcmK8_00.mp4,29,150474,0.318363,Very_Poor,0.47264914578641365
real_videos/3Si9WUEcmK8_00.mp4,35,64728,0.318363,Very_Poor,0.20331508372518164
real_videos/3Si9WUEcmK8_00.mp4,41,29535,0.318363,Very_Poor,0.0927714589949209
real_videos/WeNSWeu3fe4_00.mp4,23,1426822,1.513655,Poor,0.9426335591663887
real_videos/WeNSWeu3fe4_00.mp4,29,699641,1.513655,Poor,0.46221959429328346
real_videos/WeNSWeu3fe4_00.mp4,35,341966,1.513655,Poor,0.22592070187724417
real_videos/WeNSWeu3fe4_00.mp4,41,191732,1.513655,Poor,0.1266682302109794
real_videos/sKJdbm04q6U_00.mp4,23,1652472,1.702358,Very_Poor,0.9706959405718422
real_videos/sKJdbm04q6U_00.mp4,29,872638,1.702358,Very_Poor,0.5126054566665766
real_videos/sKJdbm04q6U_00.mp4,35,386692,1.702358,Very_Poor,0.22715081081652624
real_videos/sKJdbm04q6U_00.mp4,41,166933,1.702358,Very_Poor,0.09805986754842401
real_videos/ngcjihGL0zg_00.mp4,23,808422,0.83182,Very_Poor,0.9718713183140584
real_videos/ngcjihGL0zg_00.mp4,29,415779,0.83182,Very_Poor,0.4998425140054339
real_videos/ngcjihGL0zg_00.mp4,35,179083,0.83182,Very_Poor,0.21529056767089033
real_videos/ngcjihGL0zg_00.mp4,41,77726,0.83182,Very_Poor,0.0934408886537953
real_videos/PQHiBa179Ew_00.mp4,23,2968547,3.178336,Poor,0.9339940774040253
real_videos/PQHiBa179Ew_00.mp4,29,1382425,3.178336,Poor,0.4349524405223362
real_videos/PQHiBa179Ew_00.mp4,35,574430,3.178336,Poor,0.18073293698337747
real_videos/PQHiBa179Ew_00.mp4,41,271716,3.178336,Poor,0.08549001741791931
real_videos/0isplBZQftg_00.mp4,23,10643361,11.062411,Very_Poor,0.9621194692549391
real_videos/0isplBZQftg_00.mp4,29,5922702,11.062411,Very_Poor,0.5353897988422235
real_videos/0isplBZQftg_00.mp4,35,2514969,11.062411,Very_Poor,0.22734365953317048
real_videos/0isplBZQftg_00.mp4,41,797806,11.062411,Very_Poor,0.07211863670586818
real_videos/EJodW3XFdU4_00.mp4,23,4393981,4.565043,Fine,0.9625278447541458
real_videos/EJodW3XFdU4_00.mp4,29,2525690,4.565043,Fine,0.5532675157714835
real_videos/EJodW3XFdU4_00.mp4,35,1335071,4.565043,Fine,0.2924552956018158
real_videos/EJodW3XFdU4_00.mp4,41,648946,4.565043,Fine,0.14215550653082568
real_videos/4j9OcguWbcA_00.mp4,23,3496864,3.535297,Very_Poor,0.9891287775821946
real_videos/4j9OcguWbcA_00.mp4,29,2007795,3.535297,Very_Poor,0.5679282391267269
real_videos/4j9OcguWbcA_00.mp4,35,1070254,3.535297,Very_Poor,0.3027338297178427
real_videos/4j9OcguWbcA_00.mp4,41,558133,3.535297,Very_Poor,0.15787443035196194
real_videos/IOxe9lyfZRA_00.mp4,23,277861,0.29693,Very_Poor,0.9357794766443269
real_videos/IOxe9lyfZRA_00.mp4,29,142347,0.29693,Very_Poor,0.47939581719597213
real_videos/IOxe9lyfZRA_00.mp4,35,66741,0.29693,Very_Poor,0.22477014784629373
real_videos/IOxe9lyfZRA_00.mp4,41,31544,0.29693,Very_Poor,0.10623379247634122
real_videos/D6jE82ExHv4_01.mp4,23,993741,1.059158,Very_Poor,0.9382367880901622
real_videos/D6jE82ExHv4_01.mp4,29,494354,1.059158,Very_Poor,0.4667424501349185
real_videos/D6jE82ExHv4_01.mp4,35,237907,1.059158,Very_Poor,0.22461898980133277
real_videos/D6jE82ExHv4_01.mp4,41,121789,1.059158,Very_Poor,0.11498662144835803
real_videos/5uh8-3q51uI_00.mp4,23,3301372,3.450174,Fine,0.9568711607008806
real_videos/5uh8-3q51uI_00.mp4,29,1900839,3.450174,Fine,0.5509400395458316
real_videos/5uh8-3q51uI_00.mp4,35,1000492,3.450174,Fine,0.2899830559270344
real_videos/5uh8-3q51uI_00.mp4,41,489945,3.450174,Fine,0.14200588144250115
real_videos/ov4h43VcSuQ_00.mp4,23,2113150,2.220687,Poor,0.9515748955165676
real_videos/ov4h43VcSuQ_00.mp4,29,1095951,2.220687,Poor,0.4935188975303588
real_videos/ov4h43VcSuQ_00.mp4,35,470316,2.220687,Poor,0.2117885140949625
real_videos/ov4h43VcSuQ_00.mp4,41,208607,2.220687,Poor,0.09393804709983893
real_videos/pyL525xZdfw_00.mp4,23,537827,0.565934,Poor,0.9503351980973046
real_videos/pyL525xZdfw_00.mp4,29,285883,0.565934,Poor,0.5051525442896168
real_videos/pyL525xZdfw_00.mp4,35,149886,0.565934,Poor,0.2648471376520937
real_videos/pyL525xZdfw_00.mp4,41,82018,0.565934,Poor,0.14492502659320697
real_videos/yTkouPWrmpU_00.mp4,23,3994665,4.151116,Fine,0.962311098991211
real_videos/yTkouPWrmpU_00.mp4,29,2291497,4.151116,Fine,0.5520195051162146
real_videos/yTkouPWrmpU_00.mp4,35,1177179,4.151116,Fine,0.2835813308999315
real_videos/yTkouPWrmpU_00.mp4,41,538382,4.151116,Fine,0.12969572519775405
real_videos/XESYC4RcqGQ_02.mp4,23,1660803,1.725359,Good,0.9625840187462436
real_videos/XESYC4RcqGQ_02.mp4,29,883988,1.725359,Good,0.5123501833531456
real_videos/XESYC4RcqGQ_02.mp4,35,417839,1.725359,Good,0.24217510674590043
real_videos/XESYC4RcqGQ_02.mp4,41,202859,1.725359,Good,0.1175749510681545
real_videos/yqaUDA6i5GY_00.mp4,23,3837299,4.036376,Poor,0.9506792726941198
real_videos/yqaUDA6i5GY_00.mp4,29,2051783,4.036376,Poor,0.5083230600915277
real_videos/yqaUDA6i5GY_00.mp4,35,1054244,4.036376,Poor,0.26118577654807185
real_videos/yqaUDA6i5GY_00.mp4,41,570543,4.036376,Poor,0.1413503102783289
real_videos/yQz3PyPvr5Y_00.mp4,23,1475124,1.572384,Poor,0.9381448806398437
real_videos/yQz3PyPvr5Y_00.mp4,29,734024,1.572384,Poor,0.46682235382705495
real_videos/yQz3PyPvr5Y_00.mp4,35,347643,1.572384,Poor,0.22109293912937297
real_videos/yQz3PyPvr5Y_00.mp4,41,178567,1.572384,Poor,0.11356449823961577
real_videos/GjcgUDvSdls_00.mp4,23,1238744,1.264834,Very_Poor,0.9793727872590395
real_videos/GjcgUDvSdls_00.mp4,29,715110,1.264834,Very_Poor,0.5653785397925736
real_videos/GjcgUDvSdls_00.mp4,35,388875,1.264834,Very_Poor,0.3074514125964356
real_videos/GjcgUDvSdls_00.mp4,41,214305,1.264834,Very_Poor,0.16943330112884378
real_videos/Pd6Ii4dcaUg_00.mp4,23,2913097,3.104588,Poor,0.9383199960832161
real_videos/Pd6Ii4dcaUg_00.mp4,29,1456494,3.104588,Poor,0.4691424433773499
real_videos/Pd6Ii4dcaUg_00.mp4,35,694872,3.104588,Poor,0.22382100298010557
real_videos/Pd6Ii4dcaUg_00.mp4,41,326111,3.104588,Poor,0.10504163515416538
real_videos/pB-O0UY9gM8_01.mp4,23,954618,0.994418,Good,0.9599765893215931
real_videos/pB-O0UY9gM8_01.mp4,29,442182,0.994418,Good,0.4446641150904348
real_videos/pB-O0UY9gM8_01.mp4,35,160190,0.994418,Good,0.1610891999139195
real_videos/pB-O0UY9gM8_01.mp4,41,66345,0.994418,Good,0.06671741661957044
real_videos/5m8QzQubYOI_00.mp4,23,205662,0.215742,Fine,0.9532775259337543
real_videos/5m8QzQubYOI_00.mp4,29,104680,0.215742,Fine,0.4852091850451002
real_videos/5m8QzQubYOI_00.mp4,35,50104,0.215742,Fine,0.2322403611721408
real_videos/5m8QzQubYOI_00.mp4,41,25957,0.215742,Fine,0.12031500588666091
real_videos/YkJBdoMtBfU_01.mp4,23,5692939,5.889265,Very_Poor,0.9666637517584962
real_videos/YkJBdoMtBfU_01.mp4,29,3331507,5.889265,Very_Poor,0.5656914742332023
real_videos/YkJBdoMtBfU_01.mp4,35,1707775,5.889265,Very_Poor,0.2899810078167649
real_videos/YkJBdoMtBfU_01.mp4,41,764040,5.889265,Very_Poor,0.12973435564539887
real_videos/kc_bYkuKn-g_00.mp4,23,7065999,7.337671,Good,0.9629757180445948
real_videos/kc_bYkuKn-g_00.mp4,29,3813220,7.337671,Good,0.5196771564165251
real_videos/kc_bYkuKn-g_00.mp4,35,1834595,7.337671,Good,0.2500241561661732
real_videos/kc_bYkuKn-g_00.mp4,41,864146,7.337671,Good,0.11776843088222408
real_videos/KJdY94Xu5x0_00.mp4,23,9875858,10.338979,Fine,0.9552063119578829
real_videos/KJdY94Xu5x0_00.mp4,29,5454744,10.338979,Fine,0.5275902001541932
real_videos/KJdY94Xu5x0_00.mp4,35,2535266,10.338979,Fine,0.24521434853480212
real_videos/KJdY94Xu5x0_00.mp4,41,1172809,10.338979,Fine,0.11343566903463098
real_videos/987C4_UdnJE_00.mp4,23,465053,0.481864,Good,0.9651125628808128
real_videos/987C4_UdnJE_00.mp4,29,264510,0.481864,Good,0.5489308186542261
real_videos/987C4_UdnJE_00.mp4,35,138672,0.481864,Good,0.28778244483920773
real_videos/987C4_UdnJE_00.mp4,41,76226,0.481864,Good,0.15818986269984892
real_videos/iXbPXFRanm4_00.mp4,23,974323,1.029461,Poor,0.9464399331300555
real_videos/iXbPXFRanm4_00.mp4,29,498197,1.029461,Poor,0.4839396538576983
real_videos/iXbPXFRanm4_00.mp4,35,222407,1.029461,Poor,0.21604218129681454
real_videos/iXbPXFRanm4_00.mp4,41,102549,1.029461,Poor,0.09961426416347972
